<slideshow>
    <control bar_visible='on' height="25" />
    <!--
	<slide>
		<image url='tour/screen1.JPG' background='FFFFFF' />
        <transition type='dissolve' duration='2' />
        <draw_rect>
            <rect x='0' y='500' width='540' height='40' rotation='0' fill_color='0A50A0' fill_alpha='75' line_alpha='50' line_thickness='1' />
        </draw_rect>
		<draw_text>
			<text x='10' y='505' width='480' align='left' size='20' color='FFFFFF' alpha='100'>This is the first screen of YapLoud</text>
		</draw_text>
    </slide>
    -->
	<slide>
		<image url='tour/screen1.JPG' background='FFFFFF' />
        <!--<transition type='dissolve' duration='7' />-->
        <action type='controlOn_pause' delay='10' />
      <transition type="reveal_down" />
	</slide>
	<slide>
		<image url='tour/screen2.JPG' background='FFFFFF' />
        <!--<transition type='dissolve' duration='7' />-->
        <action type='controlOn_pause' delay='10' />
        <transition type="reveal_down" />
	</slide>
	<slide>
		<image url='tour/screen3.JPG' background='FFFFFF' />
        <!--<transition type='dissolve' duration='7' />-->
        <action type='controlOn_pause' delay='10' />
        <transition type="reveal_down" />
	</slide>
	<slide>
		<image url='tour/screen4.JPG' background='FFFFFF' />
        <action type='controlOn_pause' delay='10' />
        <!--<transition type='dissolve' duration='7' />-->
	</slide>

</slideshow>
